{"cameraMode":{"drawMode":0,"name":"Shaded","section":"Shading Mode"},"sceneLighting":true,"audioPlay":false,"sceneViewState":{"showFog":true,"showMaterialUpdate":false,"showSkybox":true,"showFlares":true,"showImageEffects":true,"showParticleSystems":true,"showVisualEffectGraphs":true,"m_FxEnabled":true},"in2DMode":false,"pivot":{"x":0.2143358588218689,"y":-0.7461923360824585,"z":5.4687604904174809},"rotation":{"x":-0.07221850752830506,"y":-0.027826158329844476,"z":0.002015663543716073,"w":-0.9969956874847412},"size":2.6305253505706789,"orthographic":false}