{"cameraMode":{"drawMode":0,"name":"Shaded","section":"Shading Mode"},"sceneLighting":true,"audioPlay":false,"sceneViewState":{"showFog":true,"showMaterialUpdate":false,"showSkybox":true,"showFlares":true,"showImageEffects":true,"showParticleSystems":true,"showVisualEffectGraphs":true,"m_FxEnabled":true},"in2DMode":false,"pivot":{"x":0.3076256811618805,"y":-0.5495359897613525,"z":5.492751598358154},"rotation":{"x":-0.07221850752830506,"y":-0.027826158329844476,"z":0.002015663543716073,"w":-0.9969956874847412},"size":3.230525255203247,"orthographic":false}